{"train_input_mins": [0.22955781437741576, 3.0000008803900204, 250.0, 0.22104609978804846, -0.009997349821782233, -0.009999517096794629, 58000000.0, -24.999680809997248, 70000000.0, -24.994133689552136, 1.0112527915640763, -3.9684857448224817, 0.18720000156206, -6.983618558468752, -6.999037586415682, 1.0921146127189807], "train_input_maxs": [0.49999749442227354, 11.99981933393264, 250.0, 0.25230592854458256, 0.009968199445767972, 0.009989718870504864, 58000000.0, 9.994757264915616, 70000000.0, 9.999484702121281, 3.9366789460397253, -1.0611902041795946, 6.897548045396599, 0.8560447547703234, 0.9966692154597201, 6.98833355702483], "model_in_list": ["distgen:r_dist:sigma_xy:value", "distgen:t_dist:length:value", "distgen:total_charge:value", "SOL1:solenoid_field_scale", "CQ01:b1_gradient", "SQ01:b1_gradient", "L0A_scale:voltage", "L0A_phase:dtheta0_deg", "L0B_scale:voltage", "L0B_phase:dtheta0_deg", "QA01:b1_gradient", "QA02:b1_gradient", "QE01:b1_gradient", "QE02:b1_gradient", "QE03:b1_gradient", "QE04:b1_gradient"], "model_out_list": ["sigma_x", "sigma_y", "sigma_z", "norm_emit_x", "norm_emit_y"], "loc_in": {"distgen:r_dist:sigma_xy:value": 0, "distgen:t_dist:length:value": 1, "distgen:total_charge:value": 2, "SOL1:solenoid_field_scale": 3, "CQ01:b1_gradient": 4, "SQ01:b1_gradient": 5, "L0A_scale:voltage": 6, "L0A_phase:dtheta0_deg": 7, "L0B_scale:voltage": 8, "L0B_phase:dtheta0_deg": 9, "QA01:b1_gradient": 10, "QA02:b1_gradient": 11, "QE01:b1_gradient": 12, "QE02:b1_gradient": 13, "QE03:b1_gradient": 14, "QE04:b1_gradient": 15}, "loc_out": {"sigma_x": 0, "sigma_y": 1, "sigma_z": 2, "norm_emit_x": 3, "norm_emit_y": 4}, "screen": "OTR2", "run": "v2a_cnsga_"}